-- ========================================
-- 初期データ投入
-- ========================================

-- OS
INSERT INTO os_list (id, name, icon, sort_order) VALUES
  ('windows11', 'Windows 11', '🪟', 1),
  ('ios', 'iPhone (iOS)', '📱', 2),
  ('macos', 'macOS', '🍎', 3);

-- カテゴリ
INSERT INTO categories (id, name, icon, sort_order) VALUES
  ('display', 'ディスプレイ・画面', '🖥️', 1),
  ('network', 'ネットワーク・通信', '📶', 2),
  ('privacy', 'プライバシー・セキュリティ', '🔒', 3),
  ('sound', 'サウンド・音声', '🔊', 4),
  ('device', 'デバイス・周辺機器', '🖱️', 5),
  ('file', 'ファイル・ストレージ', '📁', 6),
  ('system', 'システム・一般', '⚙️', 7),
  ('notification', '通知', '🔔', 8),
  ('accessibility', 'アクセシビリティ', '♿', 9),
  ('account', 'アカウント', '👤', 10);

-- === Windows 11 ===

INSERT INTO settings (title, slug, os, version, category, description, aliases, path, steps, tips, related_slugs, keywords) VALUES

('拡張子を表示する', 'show-file-extensions', 'windows11', '23H2', 'file',
 'ファイル名の末尾に「.txt」「.jpg」などの拡張子を表示する設定です。',
 ARRAY['拡張子','ファイル拡張子','ファイル名表示','拡張子を見る'],
 ARRAY['エクスプローラー','表示','表示/非表示','ファイル名拡張子'],
 ARRAY['エクスプローラーを開く（Win + E）','上部メニューの「表示」をクリック','「表示/非表示」にカーソルを合わせる','「ファイル名拡張子」にチェックを入れる'],
 '設定アプリからは変更できません。エクスプローラーから操作します。',
 ARRAY['show-hidden-files'],
 ARRAY['拡張子','extension','ファイル名','表示','エクスプローラー']),

('隠しファイルを表示する', 'show-hidden-files', 'windows11', '23H2', 'file',
 'システムの隠しファイルやフォルダを表示する設定です。',
 ARRAY['隠しファイル','非表示ファイル','hidden files'],
 ARRAY['エクスプローラー','表示','表示/非表示','隠しファイル'],
 ARRAY['エクスプローラーを開く（Win + E）','上部メニューの「表示」をクリック','「表示/非表示」にカーソルを合わせる','「隠しファイル」にチェックを入れる'],
 NULL,
 ARRAY['show-file-extensions'],
 ARRAY['隠しファイル','hidden','非表示','システムファイル']),

('Bluetoothをオン/オフにする', 'bluetooth-toggle', 'windows11', '23H2', 'device',
 'Bluetoothの有効化・無効化を行います。ワイヤレスイヤホンやマウスの接続に必要です。',
 ARRAY['Bluetooth','ブルートゥース','BT','ワイヤレス接続'],
 ARRAY['設定','Bluetoothとデバイス','Bluetooth'],
 ARRAY['設定を開く（Win + I）','「Bluetoothとデバイス」をクリック','Bluetoothのトグルをオン/オフにする'],
 'クイック設定（Win + A）からも切り替えできます。',
 ARRAY['bluetooth-pairing'],
 ARRAY['Bluetooth','ブルートゥース','ワイヤレス','無線','イヤホン','マウス']),

('Bluetoothデバイスをペアリングする', 'bluetooth-pairing', 'windows11', '23H2', 'device',
 '新しいBluetoothデバイス（イヤホン・キーボードなど）を接続します。',
 ARRAY['ペアリング','Bluetooth接続','デバイス追加'],
 ARRAY['設定','Bluetoothとデバイス','デバイスの追加'],
 ARRAY['設定を開く（Win + I）','「Bluetoothとデバイス」をクリック','「デバイスの追加」をクリック','「Bluetooth」を選択','接続したいデバイスをペアリングモードにする','一覧から選択して接続'],
 'デバイス側もペアリングモードにしておく必要があります。',
 ARRAY['bluetooth-toggle'],
 ARRAY['ペアリング','pairing','接続','デバイス追加']),

('画面の明るさを変更する', 'brightness', 'windows11', '23H2', 'display',
 '画面の明るさ（輝度）を調整します。',
 ARRAY['明るさ','輝度','画面まぶしい','暗くしたい','明るくしたい'],
 ARRAY['設定','システム','ディスプレイ','明るさ'],
 ARRAY['設定を開く（Win + I）','「システム」→「ディスプレイ」をクリック','「明るさ」のスライダーを調整する'],
 'ノートPCではFnキー + 明るさキーでも調整できます。',
 ARRAY['night-light','display-resolution'],
 ARRAY['明るさ','brightness','輝度','まぶしい','暗い']),

('夜間モード（ブルーライトカット）', 'night-light', 'windows11', '23H2', 'display',
 '画面の色温度を暖色にして目の負担を減らします。',
 ARRAY['夜間モード','ナイトライト','ブルーライト','目が疲れる','night light'],
 ARRAY['設定','システム','ディスプレイ','夜間モード'],
 ARRAY['設定を開く（Win + I）','「システム」→「ディスプレイ」をクリック','「夜間モード」をオンにする','必要に応じてスケジュールを設定'],
 NULL,
 ARRAY['brightness'],
 ARRAY['夜間モード','ブルーライト','night light','目の疲れ']),

('マイクのアクセスを許可する', 'microphone-permission', 'windows11', '23H2', 'privacy',
 'アプリごとにマイクへのアクセスを許可・拒否します。',
 ARRAY['マイク許可','マイク設定','マイク使えない','音声入力'],
 ARRAY['設定','プライバシーとセキュリティ','マイク'],
 ARRAY['設定を開く（Win + I）','「プライバシーとセキュリティ」をクリック','「マイク」をクリック','「マイクへのアクセス」をオンにする','必要なアプリのトグルをオンにする'],
 'Teamsなどでマイクが使えない場合はここを確認してください。',
 ARRAY['camera-permission'],
 ARRAY['マイク','microphone','音声','録音','Teams']),

('カメラのアクセスを許可する', 'camera-permission', 'windows11', '23H2', 'privacy',
 'アプリごとにカメラへのアクセスを許可・拒否します。',
 ARRAY['カメラ許可','カメラ設定','カメラ使えない','ウェブカメラ'],
 ARRAY['設定','プライバシーとセキュリティ','カメラ'],
 ARRAY['設定を開く（Win + I）','「プライバシーとセキュリティ」をクリック','「カメラ」をクリック','「カメラへのアクセス」をオンにする','必要なアプリのトグルをオンにする'],
 NULL,
 ARRAY['microphone-permission'],
 ARRAY['カメラ','camera','ウェブカメラ','webcam']),

('通知をオフにする', 'notification-off', 'windows11', '23H2', 'notification',
 '通知の表示をオフにしたり、アプリごとに制御します。',
 ARRAY['通知オフ','通知消したい','通知うるさい','通知こない'],
 ARRAY['設定','システム','通知'],
 ARRAY['設定を開く（Win + I）','「システム」→「通知」をクリック','全体の通知トグルをオフにする','またはアプリ別に個別設定する'],
 '「集中モード」を使うと一時的に通知を止められます。',
 ARRAY['focus-mode'],
 ARRAY['通知','notification','通知オフ','通知設定']),

('DNS設定を変更する', 'dns-settings', 'windows11', '23H2', 'network',
 'DNSサーバーのアドレスを手動で設定します。',
 ARRAY['DNS変更','DNS設定','DNSサーバー','ネームサーバー'],
 ARRAY['設定','ネットワークとインターネット','Wi-Fi（またはイーサネット）','ハードウェアのプロパティ','DNS サーバーの割り当て'],
 ARRAY['設定を開く（Win + I）','「ネットワークとインターネット」をクリック','接続中のネットワークをクリック','「ハードウェアのプロパティ」をクリック','「DNS サーバーの割り当て」の「編集」をクリック','「手動」を選択してDNSアドレスを入力'],
 '一般的なパブリックDNS: Google(8.8.8.8) / Cloudflare(1.1.1.1)',
 ARRAY['wifi-settings'],
 ARRAY['DNS','ネームサーバー','名前解決','8.8.8.8','1.1.1.1']),

-- === iPhone (iOS) ===

('Bluetoothをオン/オフにする', 'bluetooth-toggle', 'ios', '17', 'device',
 'Bluetoothの有効化・無効化を行います。',
 ARRAY['Bluetooth','ブルートゥース','BT'],
 ARRAY['設定','Bluetooth'],
 ARRAY['「設定」アプリを開く','「Bluetooth」をタップ','トグルをオン/オフにする'],
 'コントロールセンターからも一時的に切り替えできます（完全オフではありません）。',
 ARRAY['bluetooth-pairing'],
 ARRAY['Bluetooth','ブルートゥース','ワイヤレス']),

('画面の明るさを変更する', 'brightness', 'ios', '17', 'display',
 '画面の明るさを調整します。',
 ARRAY['明るさ','輝度','画面まぶしい','暗くしたい'],
 ARRAY['設定','画面表示と明るさ'],
 ARRAY['「設定」アプリを開く','「画面表示と明るさ」をタップ','明るさスライダーを調整する'],
 'コントロールセンターからも調整できます。',
 ARRAY['night-shift'],
 ARRAY['明るさ','brightness','輝度']),

('Night Shift（ブルーライトカット）', 'night-shift', 'ios', '17', 'display',
 '画面の色温度を暖色にして目の負担を減らします。',
 ARRAY['Night Shift','ナイトシフト','ブルーライト','目が疲れる'],
 ARRAY['設定','画面表示と明るさ','Night Shift'],
 ARRAY['「設定」アプリを開く','「画面表示と明るさ」をタップ','「Night Shift」をタップ','「時間指定」をオンにするか「手動で明日まで有効にする」をオンにする'],
 NULL,
 ARRAY['brightness'],
 ARRAY['Night Shift','ブルーライト','目の疲れ']),

('マイクのアクセスを許可する', 'microphone-permission', 'ios', '17', 'privacy',
 'アプリごとにマイクへのアクセスを許可・拒否します。',
 ARRAY['マイク許可','マイク設定','マイク使えない'],
 ARRAY['設定','プライバシーとセキュリティ','マイク'],
 ARRAY['「設定」アプリを開く','「プライバシーとセキュリティ」をタップ','「マイク」をタップ','必要なアプリのトグルをオンにする'],
 NULL,
 ARRAY['camera-permission'],
 ARRAY['マイク','microphone','音声']),

('カメラのアクセスを許可する', 'camera-permission', 'ios', '17', 'privacy',
 'アプリごとにカメラへのアクセスを許可・拒否します。',
 ARRAY['カメラ許可','カメラ設定','カメラ使えない'],
 ARRAY['設定','プライバシーとセキュリティ','カメラ'],
 ARRAY['「設定」アプリを開く','「プライバシーとセキュリティ」をタップ','「カメラ」をタップ','必要なアプリのトグルをオンにする'],
 NULL,
 ARRAY['microphone-permission'],
 ARRAY['カメラ','camera']),

('通知をオフにする', 'notification-off', 'ios', '17', 'notification',
 'アプリごとの通知を制御します。',
 ARRAY['通知オフ','通知消したい','通知うるさい','通知こない'],
 ARRAY['設定','通知'],
 ARRAY['「設定」アプリを開く','「通知」をタップ','通知を制御したいアプリを選択','「通知を許可」のトグルを切り替える'],
 '「集中モード」も併せて確認してください。',
 ARRAY['focus-mode-ios'],
 ARRAY['通知','notification','通知設定']),

-- === macOS ===

('拡張子を表示する', 'show-file-extensions', 'macos', 'Sonoma', 'file',
 'ファイル名の末尾に拡張子を表示する設定です。',
 ARRAY['拡張子','ファイル拡張子','ファイル名表示'],
 ARRAY['Finder','設定','詳細','すべてのファイル名拡張子を表示'],
 ARRAY['Finderをアクティブにする','メニューバーの「Finder」→「設定」をクリック','「詳細」タブをクリック','「すべてのファイル名拡張子を表示」にチェックを入れる'],
 'Finder設定は ⌘ + , でも開けます。',
 ARRAY['show-hidden-files-mac'],
 ARRAY['拡張子','extension','ファイル名','Finder']),

('Bluetoothをオン/オフにする', 'bluetooth-toggle', 'macos', 'Sonoma', 'device',
 'Bluetoothの有効化・無効化を行います。',
 ARRAY['Bluetooth','ブルートゥース','BT'],
 ARRAY['システム設定','Bluetooth'],
 ARRAY['Appleメニュー → 「システム設定」を開く','「Bluetooth」をクリック','Bluetoothのトグルをオン/オフにする'],
 'メニューバーのBluetoothアイコンからも操作できます。',
 ARRAY['bluetooth-pairing'],
 ARRAY['Bluetooth','ブルートゥース','ワイヤレス']),

('画面の明るさを変更する', 'brightness', 'macos', 'Sonoma', 'display',
 '画面の明るさを調整します。',
 ARRAY['明るさ','輝度','画面まぶしい','暗くしたい'],
 ARRAY['システム設定','ディスプレイ'],
 ARRAY['Appleメニュー → 「システム設定」を開く','「ディスプレイ」をクリック','明るさスライダーを調整する'],
 'キーボードの明るさキー（F1/F2）でも調整できます。',
 ARRAY['night-shift-mac'],
 ARRAY['明るさ','brightness','輝度']),

('マイクのアクセスを許可する', 'microphone-permission', 'macos', 'Sonoma', 'privacy',
 'アプリごとにマイクへのアクセスを許可・拒否します。',
 ARRAY['マイク許可','マイク設定','マイク使えない'],
 ARRAY['システム設定','プライバシーとセキュリティ','マイク'],
 ARRAY['Appleメニュー → 「システム設定」を開く','「プライバシーとセキュリティ」をクリック','「マイク」をクリック','必要なアプリのトグルをオンにする'],
 NULL,
 ARRAY['camera-permission'],
 ARRAY['マイク','microphone','音声']),

('DNS設定を変更する', 'dns-settings', 'macos', 'Sonoma', 'network',
 'DNSサーバーのアドレスを手動で設定します。',
 ARRAY['DNS変更','DNS設定','DNSサーバー'],
 ARRAY['システム設定','ネットワーク','Wi-Fi（または接続中のネットワーク）','詳細','DNS'],
 ARRAY['Appleメニュー → 「システム設定」を開く','「ネットワーク」をクリック','接続中のネットワークの「詳細」をクリック','「DNS」タブをクリック','「+」ボタンでDNSサーバーを追加'],
 NULL,
 ARRAY['wifi-settings-mac'],
 ARRAY['DNS','ネームサーバー','名前解決']);
